Helix,Start,End,Sequence,Hydrophobicity,HydrophobicMoment,NetCharge,FreqPolar,FreqNonPolar,vx,vy
1,1,18,SPYIISNIQEDALGMDVL,0.564,0.132,-3,0.444,0.556,0.12549098172644643,-0.0409611964429872
2,2,19,PYIISNIQEDALGMDVLL,0.661,0.226,-3,0.389,0.611,-0.07891617462794337,-0.21166973741111614
3,3,20,YIISNIQEDALGMDVLLE,0.586,0.262,-4,0.444,0.556,-0.1816302640331034,0.1888810216745977
4,4,21,IISNIQEDALGMDVLLEE,0.497,0.33,-5,0.444,0.556,0.23298665247091588,0.23361051392621113
5,5,22,ISNIQEDALGMDVLLEED,0.354,0.25,-6,0.5,0.5,0.21439683859985045,-0.12940443921543066
6,6,23,SNIQEDALGMDVLLEEDL,0.348,0.246,-6,0.5,0.5,-0.1637034032358174,-0.18319766963926795
7,7,24,NIQEDALGMDVLLEEDLD,0.308,0.274,-7,0.5,0.5,-0.1449452894282542,0.2329677477256325
8,8,25,IQEDALGMDVLLEEDLDL,0.436,0.234,-7,0.444,0.556,0.2324095512751772,-0.02354772627440909
9,9,26,QEDALGMDVLLEEDLDLG,0.336,0.134,-7,0.444,0.556,-0.04618266068547807,-0.1263089329129111
10,10,27,EDALGMDVLLEEDLDLGL,0.442,0.14,-7,0.389,0.611,-0.1348929538239617,-0.0376318020001296
11,11,28,DALGMDVLLEEDLDLGLE,0.442,0.14,-7,0.389,0.611,-0.013636174757907873,0.13937832059220068
12,12,29,ALGMDVLLEEDLDLGLET,0.499,0.146,-6,0.389,0.611,0.129692213007138,-0.06712666884312794
13,13,30,LGMDVLLEEDLDLGLETF,0.582,0.222,-6,0.389,0.611,-0.10290541940948965,-0.19703855507161697
14,14,31,GMDVLLEEDLDLGLETFE,0.452,0.305,-7,0.444,0.556,-0.15360149502764162,0.26358244877133696
